":START_ID",":END_ID"
"1ac07e43-f084-44e8-8380-86c091a66b3a","206323b8-fe83-4025-9c71-6e8d748103a3"
"1ac07e43-f084-44e8-8380-86c091a66b3a","a0e75650-0221-464c-a607-c98776b59790"
"1ac07e43-f084-44e8-8380-86c091a66b3a","fb5b7fe2-84b8-4e0d-936f-53c321e194d5"
"1ac07e43-f084-44e8-8380-86c091a66b3a","86161fee-ca43-40f6-839a-8c92c0c27af3"
"1ac07e43-f084-44e8-8380-86c091a66b3a","77d7fdbd-2560-4722-959d-e25cfde59cba"
"1ac07e43-f084-44e8-8380-86c091a66b3a","3203b7f3-6a4a-455d-809e-f759b7ae75ae"
"1ac07e43-f084-44e8-8380-86c091a66b3a","b310f3ed-9227-40e7-886f-20d69aef933f"
"1ac07e43-f084-44e8-8380-86c091a66b3a","b6fbc0fd-bdab-4b4e-8ccf-ab96432c04de"
"1ac07e43-f084-44e8-8380-86c091a66b3a","d08d88c3-a2f3-4bd6-be16-3cdf97c4bc9c"
"1ac07e43-f084-44e8-8380-86c091a66b3a","872ebbb6-dbad-4c50-b57a-e7ebaabf9640"
"1ac07e43-f084-44e8-8380-86c091a66b3a","933ade6d-834b-49ce-9ddd-e8f502e974a5"
"1ac07e43-f084-44e8-8380-86c091a66b3a","1a00d501-fcfc-4d46-9761-75366af50f29"
"1ac07e43-f084-44e8-8380-86c091a66b3a","605d408f-4b1a-4cd1-99db-3a8f7e4678b4"
"1ac07e43-f084-44e8-8380-86c091a66b3a","313621a4-7a93-4013-b1da-7e10d8aad8c8"
"1ac07e43-f084-44e8-8380-86c091a66b3a","17fa8c02-cabf-451e-87a8-a20ccb93cab9"
"1ac07e43-f084-44e8-8380-86c091a66b3a","24d5c982-492e-4b89-ace8-3de62b4f3fac"
"a0e75650-0221-464c-a607-c98776b59790","36034957-4a92-4f92-aaea-06d3ff78060a"
"a0e75650-0221-464c-a607-c98776b59790","13a79be8-27e0-4792-ba9f-6051bb2a56fc"
"a0e75650-0221-464c-a607-c98776b59790","40d4479a-2fac-4684-b761-f16d84c781df"
"fb5b7fe2-84b8-4e0d-936f-53c321e194d5","6974fd1f-9c88-47ab-bdec-2c8d0a347e1f"
"fb5b7fe2-84b8-4e0d-936f-53c321e194d5","9fca7a39-5090-4696-bfe2-efe90a2805ce"
"86161fee-ca43-40f6-839a-8c92c0c27af3","d0bb2f5a-13b2-4840-bce3-36e654e27b1c"
"77d7fdbd-2560-4722-959d-e25cfde59cba","ff79f952-05af-4d74-acfd-847c7d1fdec2"
"77d7fdbd-2560-4722-959d-e25cfde59cba","7e4ca3bc-a733-498d-b04a-e636563b5cc1"
"77d7fdbd-2560-4722-959d-e25cfde59cba","85aad416-391e-4498-8818-843d91bbea5b"
"77d7fdbd-2560-4722-959d-e25cfde59cba","be9ccad4-72c8-430f-818b-da4224eeaa9c"
"ff79f952-05af-4d74-acfd-847c7d1fdec2","ecc761e5-cc17-401f-beb7-8fab71fedde8"
"7e4ca3bc-a733-498d-b04a-e636563b5cc1","d8d4043d-90e2-4683-b5be-6b364a80e579"
"7e4ca3bc-a733-498d-b04a-e636563b5cc1","4b6e13dc-ede5-4be3-99e8-ae958f4782d1"
"7e4ca3bc-a733-498d-b04a-e636563b5cc1","2cf17ec3-1c3f-4938-a9e0-d87d99a10cd1"
"3203b7f3-6a4a-455d-809e-f759b7ae75ae","e0ea7ab5-f9cb-4e47-ad36-2d0511ee2288"
"3203b7f3-6a4a-455d-809e-f759b7ae75ae","be12ff23-cea6-4f7b-a197-6e63d2ed92b7"
"3203b7f3-6a4a-455d-809e-f759b7ae75ae","1792636f-ce56-4c45-abcd-5e059616a456"
"3203b7f3-6a4a-455d-809e-f759b7ae75ae","c2b59ab3-5a17-459c-8b68-9c84a4e6015d"
"3203b7f3-6a4a-455d-809e-f759b7ae75ae","3c04ce46-a3a5-4a44-a943-bf64f84fba4c"
"3203b7f3-6a4a-455d-809e-f759b7ae75ae","a609e5d7-5d2d-4dc2-b7d2-5deb92f82420"
"3c04ce46-a3a5-4a44-a943-bf64f84fba4c","8a035c03-c5ee-4a11-8087-b1ea0e5399ee"
"3c04ce46-a3a5-4a44-a943-bf64f84fba4c","879987f3-24b6-4a20-8752-237e92562935"
"3c04ce46-a3a5-4a44-a943-bf64f84fba4c","fb45483c-8512-484b-a0f4-8f92ba05a943"
"3c04ce46-a3a5-4a44-a943-bf64f84fba4c","340894df-10e3-4134-8884-bb352c7a5348"
"b310f3ed-9227-40e7-886f-20d69aef933f","1f985b50-9918-4681-8f7c-d52b5902effd"
"b310f3ed-9227-40e7-886f-20d69aef933f","47695521-c818-4690-947a-27d9b19efa6c"
"b310f3ed-9227-40e7-886f-20d69aef933f","d53409b7-5c60-485d-9ba7-92c842060e21"
"b310f3ed-9227-40e7-886f-20d69aef933f","d2af707e-d097-44db-99fc-c86e9719f485"
"b310f3ed-9227-40e7-886f-20d69aef933f","85101076-0f27-42a2-848c-7a18e02fb98d"
"b310f3ed-9227-40e7-886f-20d69aef933f","a550b8c0-6818-4aa9-93ee-e2149b441569"
"b310f3ed-9227-40e7-886f-20d69aef933f","4ac2d7a9-fce2-4851-9165-f0231a44311e"
"b310f3ed-9227-40e7-886f-20d69aef933f","fa723875-a5f4-49dc-80cd-c799bdfbbbac"
"d53409b7-5c60-485d-9ba7-92c842060e21","bb19363c-455f-4246-9c20-8fb91a39ad3b"
"85101076-0f27-42a2-848c-7a18e02fb98d","a58f4c36-7a53-4d87-b088-90edb3e8fc3a"
"85101076-0f27-42a2-848c-7a18e02fb98d","eaa2558a-1684-4441-a8c9-579f6bb26352"
"85101076-0f27-42a2-848c-7a18e02fb98d","99686f95-66f8-4715-b4a0-5315de1d3ef2"
"a550b8c0-6818-4aa9-93ee-e2149b441569","e46d0d0f-c768-4898-8e53-39663afbe8f7"
"a550b8c0-6818-4aa9-93ee-e2149b441569","acf0da68-9835-48ba-9fe3-02b6b974e765"
"a550b8c0-6818-4aa9-93ee-e2149b441569","9f132d68-4248-481f-8e4a-6371a24f5f6b"
"fa723875-a5f4-49dc-80cd-c799bdfbbbac","e99226df-4370-44b7-bf0f-614966bf404b"
"fa723875-a5f4-49dc-80cd-c799bdfbbbac","4bfe8bbc-71ac-4d75-81f0-288e89cfe2d1"
"fa723875-a5f4-49dc-80cd-c799bdfbbbac","32d36388-fd51-45c9-b5fb-7e3ed9f1dde1"
"fa723875-a5f4-49dc-80cd-c799bdfbbbac","b4e81b0f-8284-4fdc-b1a8-ec571fcac288"
"b6fbc0fd-bdab-4b4e-8ccf-ab96432c04de","17fa6bb1-f87c-4504-b9fd-825a382e3f6b"
"b6fbc0fd-bdab-4b4e-8ccf-ab96432c04de","68ce0e19-1f83-4f29-83ce-0f60ddf420ee"
"b6fbc0fd-bdab-4b4e-8ccf-ab96432c04de","05c0b891-d277-49b1-b16a-6fc4056a8ec0"
"b6fbc0fd-bdab-4b4e-8ccf-ab96432c04de","59b27e4d-87a6-4f76-a690-79b7434617a1"
"17fa6bb1-f87c-4504-b9fd-825a382e3f6b","f58125a3-9a4d-40d5-80b7-776f3eef9667"
"17fa6bb1-f87c-4504-b9fd-825a382e3f6b","7b204c5f-3b94-4264-bea4-aaa38927376a"
"17fa6bb1-f87c-4504-b9fd-825a382e3f6b","e08f7a1c-a3e4-4ced-b0a4-8e24c27b880a"
"d08d88c3-a2f3-4bd6-be16-3cdf97c4bc9c","ae218214-96d5-4c79-9bbd-18916a89dae0"
"d08d88c3-a2f3-4bd6-be16-3cdf97c4bc9c","87385e2f-0ec7-4cc9-afdf-e0f27d445cd5"
"d08d88c3-a2f3-4bd6-be16-3cdf97c4bc9c","205fd338-8df2-4956-a250-a9f5f33ce0b3"
"d08d88c3-a2f3-4bd6-be16-3cdf97c4bc9c","a8d60983-dbf5-459e-9e57-4210d0606195"
"d08d88c3-a2f3-4bd6-be16-3cdf97c4bc9c","fbfb975d-296c-4a92-bd7f-d415ba604f9d"
"d08d88c3-a2f3-4bd6-be16-3cdf97c4bc9c","2c499aab-75aa-4a22-b359-6893e7f186de"
"d08d88c3-a2f3-4bd6-be16-3cdf97c4bc9c","5be9f327-8134-4295-b10f-524253b0f982"
"d08d88c3-a2f3-4bd6-be16-3cdf97c4bc9c","246e29fd-c82d-4aad-9e1a-63df9e54987f"
"d08d88c3-a2f3-4bd6-be16-3cdf97c4bc9c","5c498d37-abd3-425f-9fad-43553be68a79"
"d08d88c3-a2f3-4bd6-be16-3cdf97c4bc9c","1dc2276d-0eac-4747-ae4e-941cf352fe90"
"205fd338-8df2-4956-a250-a9f5f33ce0b3","510d1ea4-9f64-4617-aae2-e48fe0b8942e"
"205fd338-8df2-4956-a250-a9f5f33ce0b3","f54b1447-a2a9-46b0-b90e-fdf408d1f9c9"
"205fd338-8df2-4956-a250-a9f5f33ce0b3","5ed5eae4-2f10-4168-94a4-4d29b6352bb8"
"205fd338-8df2-4956-a250-a9f5f33ce0b3","2e8ef08a-d1f4-4217-8fa2-526a22e4b91a"
"205fd338-8df2-4956-a250-a9f5f33ce0b3","f0ceca65-be2b-4957-898a-caa5689da87a"
"a8d60983-dbf5-459e-9e57-4210d0606195","cd4cfb8b-5d6c-4fc3-be96-37104831780b"
"a8d60983-dbf5-459e-9e57-4210d0606195","b3755382-fd68-47f5-972a-ac67a7564faa"
"a8d60983-dbf5-459e-9e57-4210d0606195","6e115670-9efd-4be3-ba20-34ee76939992"
"a8d60983-dbf5-459e-9e57-4210d0606195","921c762d-c09c-440f-b799-47a64b0c3b66"
"a8d60983-dbf5-459e-9e57-4210d0606195","40e23a37-cdc5-48cd-9476-16ec0604bc5c"
"a8d60983-dbf5-459e-9e57-4210d0606195","6d0edca1-eef5-4af0-81fc-e7556f4be7b3"
"a8d60983-dbf5-459e-9e57-4210d0606195","16472751-7fc8-43e8-bcdf-96be19eb9464"
"a8d60983-dbf5-459e-9e57-4210d0606195","d33975d2-fc3f-4c26-bce4-835cc670dd21"
"a8d60983-dbf5-459e-9e57-4210d0606195","dd3a2e58-a7f2-43b5-b2b1-80c011060d5d"
"a8d60983-dbf5-459e-9e57-4210d0606195","b33e746a-ccf2-432d-a0e0-146a34dacc7b"
"fbfb975d-296c-4a92-bd7f-d415ba604f9d","9630c015-abe0-4ca3-9a47-756e6aa97e09"
"fbfb975d-296c-4a92-bd7f-d415ba604f9d","afbdc22c-d04f-4ea2-bce9-bfff88cc4698"
"2c499aab-75aa-4a22-b359-6893e7f186de","92ea91c3-7c61-47c3-a7ce-8c1ec3354a38"
"2c499aab-75aa-4a22-b359-6893e7f186de","5a5de29b-55b1-43a0-82db-1f7ce23610c0"
"2c499aab-75aa-4a22-b359-6893e7f186de","6e6ed322-68ba-4fce-ab89-d03c6cb360f3"
"2c499aab-75aa-4a22-b359-6893e7f186de","e90aaf01-e4d6-46d3-b8c6-00c59a7e16af"
"2c499aab-75aa-4a22-b359-6893e7f186de","48106b28-c350-4c52-b8bd-f4c4ad0fbe5d"
"1dc2276d-0eac-4747-ae4e-941cf352fe90","64bd5829-6036-4313-a58c-96b0ed27ffc9"
"872ebbb6-dbad-4c50-b57a-e7ebaabf9640","1a5d6de7-f8d1-4faa-95c0-c5a9fcb6ae34"
"872ebbb6-dbad-4c50-b57a-e7ebaabf9640","de2d8f57-49bf-4d48-87f9-b4fa438df03d"
"872ebbb6-dbad-4c50-b57a-e7ebaabf9640","2a5810a8-dc7b-4743-9dfd-0d2bac7ff041"
"872ebbb6-dbad-4c50-b57a-e7ebaabf9640","9f1d7ed3-a687-40f5-b5b2-6ccf5dbcdbaf"
"872ebbb6-dbad-4c50-b57a-e7ebaabf9640","6fd92fd9-20e4-4ff8-b9d5-ce1b37b1e265"
"872ebbb6-dbad-4c50-b57a-e7ebaabf9640","f5cd867e-7f78-499a-8175-11e651c20f46"
"872ebbb6-dbad-4c50-b57a-e7ebaabf9640","dbbc6851-ed57-4e12-80f9-a9fdd1aec080"
"872ebbb6-dbad-4c50-b57a-e7ebaabf9640","bf85c336-2715-453f-b316-9854460847c3"
"872ebbb6-dbad-4c50-b57a-e7ebaabf9640","51d82db9-29f9-4f1d-95d2-f302db2e78ef"
"de2d8f57-49bf-4d48-87f9-b4fa438df03d","066910a5-90a3-4a9d-afd7-9bf5312182f1"
"de2d8f57-49bf-4d48-87f9-b4fa438df03d","c918833d-77ab-4266-bca4-8f4be0d343a3"
"de2d8f57-49bf-4d48-87f9-b4fa438df03d","5c6f837c-adb1-4220-82c7-2593987f8281"
"de2d8f57-49bf-4d48-87f9-b4fa438df03d","e12cdc59-9803-47c2-8218-d0e0f1140574"
"de2d8f57-49bf-4d48-87f9-b4fa438df03d","a5808d68-3395-48dc-a9f8-f3d10126b8a3"
"933ade6d-834b-49ce-9ddd-e8f502e974a5","86a710b9-c58d-4e72-bdea-bfe81e668ff2"
"933ade6d-834b-49ce-9ddd-e8f502e974a5","8df8b57a-04f8-4e72-93de-eaadc3575671"
"933ade6d-834b-49ce-9ddd-e8f502e974a5","43a3aa0c-fcfc-4c62-869b-f5187b00f928"
"933ade6d-834b-49ce-9ddd-e8f502e974a5","6aa6a9da-8bb8-422e-948d-181726d52039"
"933ade6d-834b-49ce-9ddd-e8f502e974a5","c8a3c3b1-c4c2-4f89-8fdc-175363181313"
"1a00d501-fcfc-4d46-9761-75366af50f29","cf37ca67-949d-4385-afdd-593982e4fd26"
"1a00d501-fcfc-4d46-9761-75366af50f29","ecfc9567-0fb1-4f59-9769-f84bdee255f9"
"1a00d501-fcfc-4d46-9761-75366af50f29","4e7be97d-01b3-4ce9-8be9-30b9e219802b"
"605d408f-4b1a-4cd1-99db-3a8f7e4678b4","1ec0a660-d6a0-4391-b746-8957fc3f0e11"
"605d408f-4b1a-4cd1-99db-3a8f7e4678b4","97cd270f-1fe9-4c70-a443-ba62251404d3"
"605d408f-4b1a-4cd1-99db-3a8f7e4678b4","d5dee194-6d11-4990-ac0e-030bde9a9bec"
"605d408f-4b1a-4cd1-99db-3a8f7e4678b4","53a02724-46d5-4fcc-8506-e6d9719e7c8e"
"313621a4-7a93-4013-b1da-7e10d8aad8c8","5953f10c-f9a7-4633-ab9a-aba011bf4610"
"313621a4-7a93-4013-b1da-7e10d8aad8c8","4853a1a1-a4c5-4858-8fb5-73444f7b5432"
"313621a4-7a93-4013-b1da-7e10d8aad8c8","c5bbb924-b77c-4eb4-8b9f-b5b3f354df70"
"313621a4-7a93-4013-b1da-7e10d8aad8c8","688fae55-2a12-4bd0-9987-126a145632e0"
"5953f10c-f9a7-4633-ab9a-aba011bf4610","540bd17f-d7f1-416c-a46a-da83a4538e0e"
"5953f10c-f9a7-4633-ab9a-aba011bf4610","67dfebe5-4a3e-4ecf-a8a1-648c0e02f562"
"5953f10c-f9a7-4633-ab9a-aba011bf4610","d283bce7-4a38-47a6-a663-0dc999ad1d9a"
